feature,model,spearman_rho,datasets
stationarity,chronos2,-0.12843835130512,50
stationarity,chronos_bolt,-0.24236774556364193,50
stationarity,seasonal_naive,,50
stationarity,ts_icl,-0.2797599570125927,50
stationarity,mean_absolute,0.2168553512937849,50
x_entropy,chronos2,-0.192124849939976,50
x_entropy,chronos_bolt,-0.3558703481392557,50
x_entropy,seasonal_naive,,50
x_entropy,ts_icl,-0.2773109243697479,50
x_entropy,mean_absolute,0.27510204081632655,50
temporal_location_heterogeneity,chronos2,0.4087875150060023,50
temporal_location_heterogeneity,chronos_bolt,0.36921968787515,50
temporal_location_heterogeneity,seasonal_naive,,50
temporal_location_heterogeneity,ts_icl,0.3974549819927971,50
temporal_location_heterogeneity,mean_absolute,0.3918207282913165,50
temporal_scale_heterogeneity,chronos2,0.44249699879951976,50
temporal_scale_heterogeneity,chronos_bolt,0.33243697478991596,50
temporal_scale_heterogeneity,seasonal_naive,,50
temporal_scale_heterogeneity,ts_icl,0.41848739495798315,50
temporal_scale_heterogeneity,mean_absolute,0.3978071228491396,50
temporal_frequency_heterogeneity,chronos2,0.10482593037214885,50
temporal_frequency_heterogeneity,chronos_bolt,-0.13584633853541417,50
temporal_frequency_heterogeneity,seasonal_naive,,50
temporal_frequency_heterogeneity,ts_icl,-0.03289315726290516,50
temporal_frequency_heterogeneity,mean_absolute,0.09118847539015607,50
temporal_heterogeneity,chronos2,0.4969507803121248,50
temporal_heterogeneity,chronos_bolt,0.41800720288115245,50
temporal_heterogeneity,seasonal_naive,,50
temporal_heterogeneity,ts_icl,0.48609843937575026,50
temporal_heterogeneity,mean_absolute,0.4670188075230091,50
trend_strength,chronos2,0.28403361344537814,50
trend_strength,chronos_bolt,0.23102040816326527,50
trend_strength,seasonal_naive,,50
trend_strength,ts_icl,0.2211284513805522,50
trend_strength,mean_absolute,0.24539415766306524,50
trend_stability,chronos2,0.3433853541416566,50
trend_stability,chronos_bolt,0.2159423769507803,50
trend_stability,seasonal_naive,,50
trend_stability,ts_icl,0.2788475390156062,50
trend_stability,mean_absolute,0.27939175670268107,50
trend_hurst,chronos2,0.43807923169267704,50
trend_hurst,chronos_bolt,0.3596158463385354,50
trend_hurst,seasonal_naive,,50
trend_hurst,ts_icl,0.4358703481392556,50
trend_hurst,mean_absolute,0.411188475390156,50
trend_nonlinearity,chronos2,0.09330132052821127,50
trend_nonlinearity,chronos_bolt,0.0052340936374549825,50
trend_nonlinearity,seasonal_naive,,50
trend_nonlinearity,ts_icl,0.09896758703481391,50
trend_nonlinearity,mean_absolute,0.06583433373349339,50
linearity,chronos2,-0.2114285714285714,50
linearity,chronos_bolt,-0.08350540216086433,50
linearity,seasonal_naive,,50
linearity,ts_icl,-0.1483313325330132,50
linearity,mean_absolute,0.14775510204081632,50
curvature,chronos2,0.08705882352941177,50
curvature,chronos_bolt,0.09551020408163265,50
curvature,seasonal_naive,,50
curvature,ts_icl,0.011956782713085232,50
curvature,mean_absolute,0.06484193677470988,50
seasonal_strength,chronos2,-0.3520288115246098,50
seasonal_strength,chronos_bolt,-0.13171668667466988,50
seasonal_strength,seasonal_naive,,50
seasonal_strength,ts_icl,-0.2541656662665066,50
seasonal_strength,mean_absolute,0.2459703881552621,50
seasonal_corr,chronos2,-0.2800960384153661,50
seasonal_corr,chronos_bolt,-0.16801920768307324,50
seasonal_corr,seasonal_naive,,50
seasonal_corr,ts_icl,-0.20182472989195677,50
seasonal_corr,mean_absolute,0.21664665866346536,50
seasonal_lumpiness,chronos2,-0.27740696278511406,50
seasonal_lumpiness,chronos_bolt,-0.025402160864345734,50
seasonal_lumpiness,seasonal_naive,,50
seasonal_lumpiness,ts_icl,-0.15591836734693876,50
seasonal_lumpiness,mean_absolute,0.15290916366546617,50
seasonal_entropy,chronos2,0.30669867947178864,50
seasonal_entropy,chronos_bolt,0.08888355342136854,50
seasonal_entropy,seasonal_naive,,50
seasonal_entropy,ts_icl,0.22199279711884753,50
seasonal_entropy,mean_absolute,0.2058583433373349,50
e_acf1,chronos2,0.09887154861944776,50
e_acf1,chronos_bolt,0.16350540216086432,50
e_acf1,seasonal_naive,,50
e_acf1,ts_icl,0.0739015606242497,50
e_acf1,mean_absolute,0.11209283713485392,50
e_acf10,chronos2,0.057382953181272504,50
e_acf10,chronos_bolt,0.3420408163265306,50
e_acf10,seasonal_naive,,50
e_acf10,ts_icl,0.20192076830732295,50
e_acf10,mean_absolute,0.2004481792717087,50
e_diff1_acf1,chronos2,0.17522208883553422,50
e_diff1_acf1,chronos_bolt,0.23927971188475392,50
e_diff1_acf1,seasonal_naive,,50
e_diff1_acf1,ts_icl,0.18300120048019208,50
e_diff1_acf1,mean_absolute,0.19916766706682676,50
e_entropy,chronos2,0.12816326530612243,50
e_entropy,chronos_bolt,-0.14775510204081632,50
e_entropy,seasonal_naive,,50
e_entropy,ts_icl,-0.005714285714285714,50
e_entropy,mean_absolute,0.09387755102040816,50
e_kurtosis,chronos2,-0.1859783913565426,50
e_kurtosis,chronos_bolt,-0.23399759903961587,50
e_kurtosis,seasonal_naive,,50
e_kurtosis,ts_icl,-0.21286914765906362,50
e_kurtosis,mean_absolute,0.21094837935174068,50
e_shapiro_w,chronos2,0.12528211284513804,50
e_shapiro_w,chronos_bolt,0.23591836734693877,50
e_shapiro_w,seasonal_naive,,50
e_shapiro_w,ts_icl,0.13363745498199278,50
e_shapiro_w,mean_absolute,0.16494597839135652,50
e_arch_lm,chronos2,0.1144297719087635,50
e_arch_lm,chronos_bolt,0.23716686674669865,50
e_arch_lm,seasonal_naive,,50
e_arch_lm,ts_icl,0.1440096038415366,50
e_arch_lm,mean_absolute,0.16520208083233293,50
spike,chronos2,-0.16561824729891955,50
spike,chronos_bolt,-0.2715486194477791,50
spike,seasonal_naive,,50
spike,ts_icl,-0.14247298919567825,50
spike,mean_absolute,0.19321328531412563,50
mean,chronos2,-0.03279711884753902,50
mean,chronos_bolt,-0.1140456182472989,50
mean,seasonal_naive,,50
mean,ts_icl,-0.025690276110444176,50
mean,mean_absolute,0.05751100440176069,50
std,chronos2,0.08273709483793518,50
std,chronos_bolt,-0.11250900360144059,50
std,seasonal_naive,,50
std,ts_icl,0.04067226890756302,50
std,mean_absolute,0.07863945578231292,50
missing_rate,chronos2,0.4122334123751154,50
missing_rate,chronos_bolt,0.2734835570421325,50
missing_rate,seasonal_naive,,50
missing_rate,ts_icl,0.39968980927601944,50
missing_rate,mean_absolute,0.3618022595644224,50
length,chronos2,-0.04019304186132971,50
length,chronos_bolt,0.00888376671964874,50
length,seasonal_naive,,50
length,ts_icl,-0.0913347259501184,50
length,mean_absolute,0.04680384484369895,50
period1,chronos2,-0.18712609348535997,50
period1,chronos_bolt,0.10220561151704273,50
period1,seasonal_naive,,50
period1,ts_icl,-0.07355890805145832,50
period1,mean_absolute,0.12096353768462033,50
period2,chronos2,-0.429389754208687,39
period2,chronos_bolt,-0.33179656721247136,39
period2,seasonal_naive,,39
period2,ts_icl,-0.3675706014904196,39
period2,mean_absolute,0.37625230763719264,50
period3,chronos2,-0.10876297794936168,39
period3,chronos_bolt,0.010136344636473595,39
period3,seasonal_naive,,39
period3,ts_icl,-0.07166395657986832,39
period3,mean_absolute,0.06352109305523453,50
p_strength1,chronos2,-0.10751500600240095,50
p_strength1,chronos_bolt,-0.09483793517406962,50
p_strength1,seasonal_naive,,50
p_strength1,ts_icl,-0.15860744297719087,50
p_strength1,mean_absolute,0.12032012805122048,50
p_strength2,chronos2,0.060121457489878544,39
p_strength2,chronos_bolt,0.28360323886639677,39
p_strength2,seasonal_naive,,39
p_strength2,ts_icl,0.11153846153846154,39
p_strength2,mean_absolute,0.15175438596491228,50
p_strength3,chronos2,0.03502024291497976,39
p_strength3,chronos_bolt,0.16842105263157894,39
p_strength3,seasonal_naive,,39
p_strength3,ts_icl,0.1105263157894737,39
p_strength3,mean_absolute,0.10465587044534413,50
spatial_location_heterogeneity,chronos2,-0.13489891048152147,50
spatial_location_heterogeneity,chronos_bolt,0.016856360832685668,50
spatial_location_heterogeneity,seasonal_naive,,50
spatial_location_heterogeneity,ts_icl,-0.09244585356957238,50
spatial_location_heterogeneity,mean_absolute,0.08140037496125983,50
spatial_scale_heterogeneity,chronos2,0.047207415095527096,50
spatial_scale_heterogeneity,chronos_bolt,0.07333237319518808,50
spatial_scale_heterogeneity,seasonal_naive,,50
spatial_scale_heterogeneity,ts_icl,0.03789079400851564,50
spatial_scale_heterogeneity,mean_absolute,0.05281019409974361,50
spatial_frequency_heterogeneity,chronos2,0.023387600357600912,50
spatial_frequency_heterogeneity,chronos_bolt,-0.01118955006842097,50
spatial_frequency_heterogeneity,seasonal_naive,,50
spatial_frequency_heterogeneity,ts_icl,-0.0969600926529697,50
spatial_frequency_heterogeneity,mean_absolute,0.0438457476929972,50
spatial_heterogeneity,chronos2,-0.036257984127286834,50
spatial_heterogeneity,chronos_bolt,0.03452912660598574,50
spatial_heterogeneity,seasonal_naive,,50
spatial_heterogeneity,ts_icl,-0.029246506402010174,50
spatial_heterogeneity,mean_absolute,0.03334453904509425,50
